Latitude,Longitude,Name
96.18333333333334,-3.6166666666666667,2000
96.18333333333334,-4.616666666666667,2001
96.18333333333334,-5.616666666666667,2002
96.18333333333334,-6.516666666666667,2003
96.18333333333334,-6.616666666666667,2004
96.18333333333334,-7.616666666666667,2005
96.18333333333334,-8.616666666666667,2006
96.18333333333334,-9.616666666666667,2007
96.18333333333334,-0.6833333333333333,2008
96.18333333333334,-2.7,2009
96.18333333333334,-2.7333333333333334,2010
96.18333333333334,-2.8166666666666664,2011
96.18333333333334,-5.683333333333334,2012
96.18333333333334,-8.666666666666666,2013
96.18333333333334,-8.8,2014
96.18333333333334,-9.7,2015
96.18333333333334,-0.8333333333333334,2016
96.18333333333334,-1.9,2017
96.18333333333334,-1.9666666666666668,2018
96.18333333333334,-4.85,2019
96.18333333333334,-4.95,2020
96.18333333333334,-6.9,2021
96.18333333333334,-6.983333333333333,2022
96.18333333333334,-7.933333333333334,2023
96.18333333333334,-1.0666666666666667,2024
96.18333333333334,-3.05,2025
96.18333333333334,-4.016666666666667,2026
96.18333333333334,-4.1,2027
96.18333333333334,-5.033333333333333,2028
96.18333333333334,-7.016666666666667,2029
96.18333333333334,-9.0,2030
96.18333333333334,-9.1,2031
96.18333333333334,-1.1833333333333333,2032
96.18333333333334,-1.3,2033
96.18333333333334,-3.1833333333333336,2034
96.18333333333334,-3.283333333333333,2035
96.18333333333334,-5.266666666666667,2036
96.18333333333334,-7.25,2037
96.18333333333334,-7.283333333333333,2038
96.18333333333334,-8.183333333333334,2039
96.18333333333334,-9.233333333333334,2040
96.18333333333334,-1.4,2041
96.18333333333334,-2.35,2042
96.18333333333334,-5.383333333333333,2043
96.18333333333334,-5.466666666666667,2044
96.18333333333334,-6.35,2045
96.18333333333334,-7.483333333333333,2046
96.18333333333334,-9.4,2047
96.18333333333334,-9.466666666666667,2048
96.18333333333334,-1.5166666666666666,2049
96.18333333333334,-1.6166666666666667,2050
96.18333333333334,-2.583333333333333,2051
96.18333333333334,-3.65,2052
96.18333333333334,-6.566666666666666,2053
96.18333333333334,-7.583333333333333,2054
96.18333333333334,-10.616666666666667,2055
17.516666666666666,-50.31666666666667,2056
17.516666666666666,-55.166666666666664,2057
17.516666666666666,-56.18333333333333,2058
17.516666666666666,-57.2,2059
17.516666666666666,-58.21666666666667,2060
17.516666666666666,-59.233333333333334,2061
17.516666666666666,-54.4,2062
17.516666666666666,-51.6,2063
17.516666666666666,-55.68333333333333,2064
17.516666666666666,-59.78333333333333,2065
17.516666666666666,-52.88333333333333,2066
17.516666666666666,-55.86666666666667,2067
17.516666666666666,-58.85,2068
17.516666666666666,-58.95,2069
17.516666666666666,-52.15,2070
17.516666666666666,-55.13333333333333,2071
17.516666666666666,-58.11666666666667,2072
17.516666666666666,-54.166666666666664,2073
17.516666666666666,-57.28333333333333,2074
17.516666666666666,-51.36666666666667,2075
17.516666666666666,-56.45,2076
17.516666666666666,-53.516666666666666,2077
17.516666666666666,-55.61666666666667,2078
36.18333333333333,-50.18333333333333,2079
36.18333333333333,-51.2,2080
36.18333333333333,-52.21666666666667,2081
36.18333333333333,-53.233333333333334,2082
36.18333333333333,-54.25,2083
36.18333333333333,-56.28333333333333,2084
36.18333333333333,-57.3,2085
36.18333333333333,-58.31666666666667,2086
36.18333333333333,-52.36666666666667,2087
36.18333333333333,-52.516666666666666,2088
36.18333333333333,-58.583333333333336,2089
36.18333333333333,-50.733333333333334,2090
36.18333333333333,-52.666666666666664,2091
36.18333333333333,-53.71666666666667,2092
36.18333333333333,-55.78333333333333,2093
36.18333333333333,-56.7,2094
36.18333333333333,-59.68333333333333,2095
36.18333333333333,-52.983333333333334,2096
36.18333333333333,-55.96666666666667,2097
36.18333333333333,-58.95,2098
36.18333333333333,-59.86666666666667,2099
36.18333333333333,-57.06666666666667,2100
36.18333333333333,-53.18333333333333,2101
36.18333333333333,-54.266666666666666,2102
36.18333333333333,-51.46666666666667,2103
36.18333333333333,-53.4,2104
36.18333333333333,-58.35,2105
36.18333333333333,-53.61666666666667,2106
36.18333333333333,-55.55,2107
36.18333333333333,-58.56666666666667,2108
96.18333333333334,-50.31666666666667,2109
96.18333333333334,-55.166666666666664,2110
96.18333333333334,-56.18333333333333,2111
96.18333333333334,-57.2,2112
96.18333333333334,-58.21666666666667,2113
96.18333333333334,-59.233333333333334,2114
96.18333333333334,-54.4,2115
96.18333333333334,-51.6,2116
96.18333333333334,-55.68333333333333,2117
96.18333333333334,-59.78333333333333,2118
96.18333333333334,-52.88333333333333,2119
96.18333333333334,-55.86666666666667,2120
96.18333333333334,-58.85,2121
96.18333333333334,-58.95,2122
96.18333333333334,-52.15,2123
96.18333333333334,-55.13333333333333,2124
96.18333333333334,-58.11666666666667,2125
96.18333333333334,-54.166666666666664,2126
96.18333333333334,-57.28333333333333,2127
96.18333333333334,-51.36666666666667,2128
96.18333333333334,-56.45,2129
96.18333333333334,-53.516666666666666,2130
96.18333333333334,-55.61666666666667,2131
17.533333333333335,-13.433333333333334,2132
17.533333333333335,-14.533333333333333,2133
17.533333333333335,-15.65,2134
17.533333333333335,-18.716666666666665,2135
17.533333333333335,-16.833333333333332,2136
17.533333333333335,-15.266666666666666,2137
17.533333333333335,-16.366666666666667,2138
17.533333333333335,-17.416666666666668,2139
36.2,-16.166666666666668,2140
36.2,-13.333333333333334,2141
36.2,-16.416666666666668,2142
36.2,-14.633333333333333,2143
36.2,-15.55,2144
36.2,-18.816666666666666,2145
36.2,-15.883333333333333,2146
36.2,-16.933333333333334,2147
36.2,-13.05,2148
36.2,-16.066666666666666,2149
36.2,-15.35,2150
36.2,-16.466666666666665,2151
36.2,-20.333333333333332,2152
36.2,-17.5,2153
96.2,-13.433333333333334,2154
96.2,-14.533333333333333,2155
96.2,-15.65,2156
96.2,-18.716666666666665,2157
96.2,-16.833333333333332,2158
96.2,-15.266666666666666,2159
96.2,-16.366666666666667,2160
96.2,-17.416666666666668,2161
17.533333333333335,-80.26666666666667,2162
17.533333333333335,-82.16666666666667,2163
17.533333333333335,-84.21666666666667,2164
17.533333333333335,-86.26666666666667,2165
17.533333333333335,-88.31666666666666,2166
17.533333333333335,-82.41666666666667,2167
17.533333333333335,-83.33333333333333,2168
17.533333333333335,-85.45,2169
17.533333333333335,-88.48333333333333,2170
17.533333333333335,-82.61666666666666,2171
17.533333333333335,-86.63333333333334,2172
17.533333333333335,-87.55,2173
17.533333333333335,-80.68333333333334,2174
17.533333333333335,-81.73333333333333,2175
17.533333333333335,-86.66666666666667,2176
17.533333333333335,-81.86666666666666,2177
17.533333333333335,-82.96666666666667,2178
17.533333333333335,-88.83333333333333,2179
17.533333333333335,-88.95,2180
17.533333333333335,-89.88333333333334,2181
17.533333333333335,-81.05,2182
17.533333333333335,-86.11666666666666,2183
17.533333333333335,-89.0,2184
17.533333333333335,-84.2,2185
17.533333333333335,-85.23333333333333,2186
17.533333333333335,-87.26666666666667,2187
17.533333333333335,-83.45,2188
17.533333333333335,-87.5,2189
36.2,-80.21666666666667,2190
36.2,-84.31666666666666,2191
36.2,-89.16666666666667,2192
36.2,-80.35,2193
36.2,-83.43333333333334,2194
36.2,-84.36666666666666,2195
36.2,-88.38333333333334,2196
36.2,-80.53333333333333,2197
36.2,-87.65,2198
36.2,-80.78333333333333,2199
36.2,-84.68333333333334,2200
36.2,-86.71666666666667,2201
36.2,-86.76666666666667,2202
36.2,-81.96666666666667,2203
36.2,-82.88333333333334,2204
36.2,-88.93333333333334,2205
36.2,-89.98333333333333,2206
36.2,-81.05,2207
36.2,-81.15,2208
36.2,-85.05,2209
36.2,-89.1,2210
36.2,-84.3,2211
36.2,-85.16666666666667,2212
36.2,-90.21666666666667,2213
36.2,-83.38333333333334,2214
36.2,-86.38333333333334,2215
36.2,-82.51666666666667,2216
36.2,-87.6,2217
96.2,-82.16666666666667,2218
96.2,-84.21666666666667,2219
96.2,-88.31666666666666,2220
96.2,-82.41666666666667,2221
96.2,-83.33333333333333,2222
96.2,-85.45,2223
96.2,-88.48333333333333,2224
96.2,-82.61666666666666,2225
96.2,-86.63333333333334,2226
96.2,-87.55,2227
96.2,-80.68333333333334,2228
96.2,-81.73333333333333,2229
96.2,-86.66666666666667,2230
96.2,-81.86666666666666,2231
96.2,-82.96666666666667,2232
96.2,-88.83333333333333,2233
96.2,-88.95,2234
96.2,-89.88333333333334,2235
96.2,-81.05,2236
96.2,-86.11666666666666,2237
96.2,-89.0,2238
96.2,-84.2,2239
96.2,-85.23333333333333,2240
96.2,-87.26666666666667,2241
96.2,-83.45,2242
96.2,-87.5,2243
96.2,-89.6,2244
17.55,-63.2,2245
17.55,-65.25,2246
17.55,-67.3,2247
17.55,-61.416666666666664,2248
17.55,-64.45,2249
17.55,-66.36666666666666,2250
17.55,-67.48333333333333,2251
17.55,-60.55,2252
17.55,-63.63333333333333,2253
17.55,-67.65,2254
17.55,-69.56666666666666,2255
17.55,-65.68333333333334,2256
17.55,-61.983333333333334,2257
17.55,-64.86666666666666,2258
17.55,-64.91666666666667,2259
17.55,-67.96666666666667,2260
17.55,-62.15,2261
17.55,-65.0,2262
17.55,-66.03333333333333,2263
17.55,-69.11666666666666,2264
17.55,-64.3,2265
17.55,-66.2,2266
17.55,-64.41666666666667,2267
17.55,-65.45,2268
17.55,-65.53333333333333,2269
17.55,-67.55,2270
36.21666666666667,-61.25,2271
36.21666666666667,-63.3,2272
36.21666666666667,-68.16666666666667,2273
36.21666666666667,-61.36666666666667,2274
36.21666666666667,-65.38333333333334,2275
36.21666666666667,-66.46666666666667,2276
36.21666666666667,-69.4,2277
36.21666666666667,-60.65,2278
36.21666666666667,-63.5,2279
36.21666666666667,-69.53333333333333,2280
36.21666666666667,-60.71666666666667,2281
36.21666666666667,-61.75,2282
36.21666666666667,-65.78333333333333,2283
36.21666666666667,-67.68333333333334,2284
36.21666666666667,-64.96666666666667,2285
36.21666666666667,-67.86666666666666,2286
36.21666666666667,-65.03333333333333,2287
36.21666666666667,-65.1,2288
36.21666666666667,-66.13333333333334,2289
36.21666666666667,-67.05,2290
36.21666666666667,-63.2,2291
36.21666666666667,-64.16666666666667,2292
36.21666666666667,-66.2,2293
36.21666666666667,-66.3,2294
36.21666666666667,-61.35,2295
36.21666666666667,-62.38333333333333,2296
36.21666666666667,-64.41666666666667,2297
36.21666666666667,-64.53333333333333,2298
36.21666666666667,-64.58333333333333,2299
36.21666666666667,-65.63333333333334,2300
36.21666666666667,-67.58333333333333,2301
36.21666666666667,-67.65,2302
96.21666666666667,-63.2,2303
96.21666666666667,-65.25,2304
96.21666666666667,-67.3,2305
96.21666666666667,-61.416666666666664,2306
96.21666666666667,-64.45,2307
96.21666666666667,-66.36666666666666,2308
96.21666666666667,-67.48333333333333,2309
96.21666666666667,-60.55,2310
96.21666666666667,-63.63333333333333,2311
96.21666666666667,-67.65,2312
96.21666666666667,-69.56666666666666,2313
96.21666666666667,-65.68333333333334,2314
96.21666666666667,-61.983333333333334,2315
96.21666666666667,-64.86666666666666,2316
96.21666666666667,-64.91666666666667,2317
96.21666666666667,-67.96666666666667,2318
96.21666666666667,-62.15,2319
96.21666666666667,-65.0,2320
96.21666666666667,-66.03333333333333,2321
96.21666666666667,-69.11666666666666,2322
96.21666666666667,-64.3,2323
96.21666666666667,-66.2,2324
96.21666666666667,-64.41666666666667,2325
96.21666666666667,-65.45,2326
96.21666666666667,-65.53333333333333,2327
96.21666666666667,-67.55,2328
17.566666666666666,-50.266666666666666,2329
17.566666666666666,-58.166666666666664,2330
17.566666666666666,-59.18333333333333,2331
17.566666666666666,-54.35,2332
17.566666666666666,-51.55,2333
17.566666666666666,-59.733333333333334,2334
17.566666666666666,-52.833333333333336,2335
17.566666666666666,-58.9,2336
17.566666666666666,-52.1,2337
17.566666666666666,-55.083333333333336,2338
17.566666666666666,-58.06666666666667,2339
17.566666666666666,-57.233333333333334,2340
17.566666666666666,-60.31666666666667,2341
17.566666666666666,-56.4,2342
17.566666666666666,-55.56666666666667,2343
36.233333333333334,-52.166666666666664,2344
36.233333333333334,-53.18333333333333,2345
36.233333333333334,-54.2,2346
36.233333333333334,-55.21666666666667,2347
36.233333333333334,-56.233333333333334,2348
36.233333333333334,-57.25,2349
36.233333333333334,-59.28333333333333,2350
36.233333333333334,-54.45,2351
36.233333333333334,-51.65,2352
36.233333333333334,-58.53333333333333,2353
36.233333333333334,-50.68333333333333,2354
36.233333333333334,-53.666666666666664,2355
36.233333333333334,-55.733333333333334,2356
36.233333333333334,-52.93333333333333,2357
36.233333333333334,-55.916666666666664,2358
36.233333333333334,-58.9,2359
36.233333333333334,-57.016666666666666,2360
36.233333333333334,-54.21666666666667,2361
36.233333333333334,-51.416666666666664,2362
36.233333333333334,-53.35,2363
36.233333333333334,-53.56666666666667,2364
36.233333333333334,-55.5,2365
36.233333333333334,-58.516666666666666,2366
96.23333333333333,-58.166666666666664,2367
96.23333333333333,-59.18333333333333,2368
96.23333333333333,-54.35,2369
96.23333333333333,-51.55,2370
96.23333333333333,-59.733333333333334,2371
96.23333333333333,-52.833333333333336,2372
96.23333333333333,-58.9,2373
96.23333333333333,-52.1,2374
96.23333333333333,-55.083333333333336,2375
96.23333333333333,-58.06666666666667,2376
96.23333333333333,-57.233333333333334,2377
96.23333333333333,-60.31666666666667,2378
96.23333333333333,-56.4,2379
96.23333333333333,-55.56666666666667,2380
17.583333333333332,-50.25,2381
17.583333333333332,-59.166666666666664,2382
17.583333333333332,-54.333333333333336,2383
17.583333333333332,-51.53333333333333,2384
17.583333333333332,-59.71666666666667,2385
17.583333333333332,-58.88333333333333,2386
17.583333333333332,-52.083333333333336,2387
17.583333333333332,-55.06666666666667,2388
17.583333333333332,-58.05,2389
17.583333333333332,-57.21666666666667,2390
17.583333333333332,-57.31666666666667,2391
17.583333333333332,-60.3,2392
17.583333333333332,-56.38333333333333,2393
17.583333333333332,-55.55,2394
36.25,-53.166666666666664,2395
36.25,-54.18333333333333,2396
36.25,-55.2,2397
36.25,-56.21666666666667,2398
36.25,-57.233333333333334,2399
36.25,-58.25,2400
36.25,-54.43333333333333,2401
36.25,-51.63333333333333,2402
36.25,-58.516666666666666,2403
36.25,-50.666666666666664,2404
36.25,-55.71666666666667,2405
36.25,-59.81666666666667,2406
36.25,-52.916666666666664,2407
36.25,-55.9,2408
36.25,-58.88333333333333,2409
36.25,-58.983333333333334,2410
36.25,-57.0,2411
36.25,-58.15,2412
36.25,-54.2,2413
36.25,-57.31666666666667,2414
36.25,-51.4,2415
36.25,-53.333333333333336,2416
36.25,-56.483333333333334,2417
36.25,-53.55,2418
36.25,-55.65,2419
36.25,-58.5,2420
96.25,-50.25,2421
96.25,-59.166666666666664,2422
96.25,-54.333333333333336,2423
96.25,-51.53333333333333,2424
96.25,-59.71666666666667,2425
96.25,-58.88333333333333,2426
96.25,-52.083333333333336,2427
96.25,-55.06666666666667,2428
96.25,-58.05,2429
96.25,-57.21666666666667,2430
96.25,-57.31666666666667,2431
96.25,-60.3,2432
96.25,-56.38333333333333,2433
96.25,-55.55,2434
17.6,-62.3,2435
17.6,-65.2,2436
17.6,-67.25,2437
17.6,-69.3,2438
17.6,-61.36666666666667,2439
17.6,-64.4,2440
17.6,-67.43333333333334,2441
17.6,-60.5,2442
17.6,-63.583333333333336,2443
17.6,-67.6,2444
17.6,-69.51666666666667,2445
17.6,-61.93333333333333,2446
17.6,-64.86666666666666,2447
17.6,-67.91666666666667,2448
17.6,-62.1,2449
17.6,-68.13333333333334,2450
17.6,-69.06666666666666,2451
17.6,-64.25,2452
17.6,-62.46666666666667,2453
17.6,-64.36666666666666,2454
17.6,-65.4,2455
17.6,-70.46666666666667,2456
17.6,-64.65,2457
17.6,-67.5,2458
36.266666666666666,-61.2,2459
36.266666666666666,-63.25,2460
36.266666666666666,-65.3,2461
36.266666666666666,-61.46666666666667,2462
36.266666666666666,-65.33333333333333,2463
36.266666666666666,-66.41666666666667,2464
36.266666666666666,-69.35,2465
36.266666666666666,-60.6,2466
36.266666666666666,-69.61666666666666,2467
36.266666666666666,-60.666666666666664,2468
36.266666666666666,-61.7,2469
36.266666666666666,-65.73333333333333,2470
36.266666666666666,-64.91666666666667,2471
36.266666666666666,-64.96666666666667,2472
36.266666666666666,-65.05,2473
36.266666666666666,-66.08333333333333,2474
36.266666666666666,-67.0,2475
36.266666666666666,-66.25,2476
36.266666666666666,-62.333333333333336,2477
36.266666666666666,-64.36666666666666,2478
36.266666666666666,-64.46666666666667,2479
36.266666666666666,-64.53333333333333,2480
36.266666666666666,-65.58333333333333,2481
36.266666666666666,-67.53333333333333,2482
36.266666666666666,-67.6,2483
96.26666666666667,-62.3,2484
96.26666666666667,-65.2,2485
96.26666666666667,-67.25,2486
96.26666666666667,-69.3,2487
96.26666666666667,-61.36666666666667,2488
96.26666666666667,-64.4,2489
96.26666666666667,-67.43333333333334,2490
96.26666666666667,-60.5,2491
96.26666666666667,-63.583333333333336,2492
96.26666666666667,-67.6,2493
96.26666666666667,-69.51666666666667,2494
96.26666666666667,-61.93333333333333,2495
96.26666666666667,-64.86666666666666,2496
96.26666666666667,-67.91666666666667,2497
96.26666666666667,-62.1,2498
96.26666666666667,-68.13333333333334,2499
96.26666666666667,-69.06666666666666,2500
96.26666666666667,-64.25,2501
96.26666666666667,-62.46666666666667,2502
96.26666666666667,-64.36666666666666,2503
96.26666666666667,-65.4,2504
96.26666666666667,-70.46666666666667,2505
96.26666666666667,-64.65,2506
96.26666666666667,-67.5,2507
17.616666666666667,-80.18333333333334,2508
17.616666666666667,-83.3,2509
17.616666666666667,-86.18333333333334,2510
17.616666666666667,-88.23333333333333,2511
17.616666666666667,-82.33333333333333,2512
17.616666666666667,-85.36666666666666,2513
17.616666666666667,-88.4,2514
17.616666666666667,-80.61666666666666,2515
17.616666666666667,-82.53333333333333,2516
17.616666666666667,-86.55,2517
17.616666666666667,-86.8,2518
17.616666666666667,-82.88333333333334,2519
17.616666666666667,-82.95,2520
17.616666666666667,-88.86666666666666,2521
17.616666666666667,-86.03333333333333,2522
17.616666666666667,-83.31666666666666,2523
17.616666666666667,-87.18333333333334,2524
17.616666666666667,-90.28333333333333,2525
17.616666666666667,-83.36666666666666,2526
17.616666666666667,-85.45,2527
17.616666666666667,-82.61666666666666,2528
17.616666666666667,-89.51666666666667,2529
36.28333333333333,-80.28333333333333,2530
36.28333333333333,-82.18333333333334,2531
36.28333333333333,-84.23333333333333,2532
36.28333333333333,-86.28333333333333,2533
36.28333333333333,-82.43333333333334,2534
36.28333333333333,-83.35,2535
36.28333333333333,-85.46666666666667,2536
36.28333333333333,-82.63333333333334,2537
36.28333333333333,-86.65,2538
36.28333333333333,-87.56666666666666,2539
36.28333333333333,-80.7,2540
36.28333333333333,-81.75,2541
36.28333333333333,-86.68333333333334,2542
36.28333333333333,-81.88333333333334,2543
36.28333333333333,-82.98333333333333,2544
36.28333333333333,-88.85,2545
36.28333333333333,-88.96666666666667,2546
36.28333333333333,-89.9,2547
36.28333333333333,-81.06666666666666,2548
36.28333333333333,-86.13333333333334,2549
36.28333333333333,-89.01666666666667,2550
36.28333333333333,-84.21666666666667,2551
36.28333333333333,-85.25,2552
36.28333333333333,-87.28333333333333,2553
36.28333333333333,-83.46666666666667,2554
36.28333333333333,-87.51666666666667,2555
36.28333333333333,-89.61666666666666,2556
96.28333333333333,-80.18333333333334,2557
96.28333333333333,-83.3,2558
96.28333333333333,-86.18333333333334,2559
96.28333333333333,-88.23333333333333,2560
96.28333333333333,-82.33333333333333,2561
96.28333333333333,-85.36666666666666,2562
96.28333333333333,-88.4,2563
96.28333333333333,-80.61666666666666,2564
96.28333333333333,-82.53333333333333,2565
96.28333333333333,-86.55,2566
96.28333333333333,-86.8,2567
96.28333333333333,-82.88333333333334,2568
96.28333333333333,-82.95,2569
96.28333333333333,-88.86666666666666,2570
96.28333333333333,-86.03333333333333,2571
96.28333333333333,-83.31666666666666,2572
96.28333333333333,-87.18333333333334,2573
96.28333333333333,-90.28333333333333,2574
96.28333333333333,-83.36666666666666,2575
96.28333333333333,-85.45,2576
96.28333333333333,-82.61666666666666,2577
96.28333333333333,-89.51666666666667,2578
17.65,-11.266666666666667,2579
17.65,-15.533333333333333,2580
17.65,-15.716666666666667,2581
17.65,-14.233333333333334,2582
17.65,-14.633333333333333,2583
36.31666666666667,-13.416666666666666,2584
36.31666666666667,-14.516666666666667,2585
36.31666666666667,-15.633333333333333,2586
36.31666666666667,-15.816666666666666,2587
36.31666666666667,-18.7,2588
36.31666666666667,-15.25,2589
36.31666666666667,-16.35,2590
36.31666666666667,-17.4,2591
96.31666666666666,-15.533333333333333,2592
96.31666666666666,-15.716666666666667,2593
96.31666666666666,-14.233333333333334,2594
96.31666666666666,-14.633333333333333,2595
58.016666666666666,-0.21666666666666667,2596
58.016666666666666,-2.1666666666666665,2597
58.016666666666666,-2.2666666666666666,2598
58.016666666666666,-3.183333333333333,2599
58.016666666666666,-4.2,2600
58.016666666666666,-4.316666666666666,2601
58.016666666666666,-5.216666666666667,2602
58.016666666666666,-6.233333333333333,2603
58.016666666666666,-7.25,2604
58.016666666666666,-8.166666666666666,2605
58.016666666666666,-8.266666666666667,2606
58.016666666666666,-9.283333333333333,2607
58.016666666666666,-0.36666666666666664,2608
58.016666666666666,-1.4333333333333333,2609
58.016666666666666,-4.383333333333334,2610
58.016666666666666,-7.333333333333333,2611
58.016666666666666,-8.4,2612
58.016666666666666,-8.483333333333333,2613
58.016666666666666,-0.5166666666666667,2614
58.016666666666666,-0.6,2615
58.016666666666666,-1.6,2616
58.016666666666666,-2.6,2617
58.016666666666666,-3.55,2618
58.016666666666666,-3.6,2619
58.016666666666666,-4.6,2620
58.016666666666666,-5.6,2621
58.016666666666666,-6.5,2622
58.016666666666666,-6.6,2623
58.016666666666666,-7.6,2624
58.016666666666666,-8.6,2625
58.016666666666666,-9.6,2626
58.016666666666666,-0.6666666666666666,2627
58.016666666666666,-2.6833333333333336,2628
58.016666666666666,-2.716666666666667,2629
58.016666666666666,-2.8,2630
58.016666666666666,-5.666666666666667,2631
58.016666666666666,-8.783333333333333,2632
58.016666666666666,-9.683333333333334,2633
58.016666666666666,-1.8833333333333333,2634
58.016666666666666,-1.95,2635
58.016666666666666,-4.833333333333333,2636
58.016666666666666,-4.933333333333334,2637
58.016666666666666,-6.883333333333333,2638
58.016666666666666,-6.966666666666667,2639
58.016666666666666,-7.916666666666667,2640
58.016666666666666,-1.05,2641
58.016666666666666,-3.033333333333333,2642
58.016666666666666,-4.0,2643
58.016666666666666,-4.083333333333333,2644
58.016666666666666,-5.016666666666667,2645
58.016666666666666,-5.15,2646
58.016666666666666,-7.0,2647
58.016666666666666,-9.083333333333334,2648
58.016666666666666,-1.1666666666666667,2649
58.016666666666666,-1.2833333333333334,2650
58.016666666666666,-3.166666666666667,2651
58.016666666666666,-3.2666666666666666,2652
58.016666666666666,-5.25,2653
58.016666666666666,-7.233333333333333,2654
58.016666666666666,-7.266666666666667,2655
58.016666666666666,-8.166666666666666,2656
58.016666666666666,-9.216666666666667,2657
58.016666666666666,-1.3833333333333333,2658
58.016666666666666,-2.333333333333333,2659
58.016666666666666,-5.366666666666667,2660
58.016666666666666,-5.45,2661
58.016666666666666,-5.483333333333333,2662
58.016666666666666,-6.333333333333333,2663
58.016666666666666,-7.466666666666667,2664
58.016666666666666,-9.383333333333333,2665
58.016666666666666,-9.45,2666
58.016666666666666,-1.5,2667
58.016666666666666,-1.6,2668
58.016666666666666,-2.5666666666666664,2669
58.016666666666666,-3.6333333333333333,2670
58.016666666666666,-6.55,2671
58.016666666666666,-7.566666666666666,2672
58.016666666666666,-10.6,2673
68.01666666666667,-0.2,2674
68.01666666666667,-2.25,2675
68.01666666666667,-3.1666666666666665,2676
68.01666666666667,-4.183333333333334,2677
68.01666666666667,-4.3,2678
68.01666666666667,-5.2,2679
68.01666666666667,-6.216666666666667,2680
68.01666666666667,-7.233333333333333,2681
68.01666666666667,-8.25,2682
68.01666666666667,-9.266666666666667,2683
68.01666666666667,-0.35,2684
68.01666666666667,-1.4166666666666667,2685
68.01666666666667,-4.366666666666666,2686
68.01666666666667,-8.383333333333333,2687
68.01666666666667,-8.466666666666667,2688
68.01666666666667,-0.5,2689
68.01666666666667,-0.5833333333333334,2690
68.01666666666667,-1.5833333333333335,2691
68.01666666666667,-2.5833333333333335,2692
68.01666666666667,-3.533333333333333,2693
68.01666666666667,-3.5833333333333335,2694
68.01666666666667,-4.583333333333333,2695
68.01666666666667,-5.583333333333333,2696
68.01666666666667,-6.583333333333333,2697
68.01666666666667,-6.65,2698
68.01666666666667,-7.583333333333333,2699
68.01666666666667,-8.583333333333334,2700
68.01666666666667,-9.583333333333334,2701
68.01666666666667,-2.6666666666666665,2702
68.01666666666667,-2.7,2703
68.01666666666667,-2.783333333333333,2704
68.01666666666667,-8.766666666666667,2705
68.01666666666667,-9.666666666666666,2706
68.01666666666667,-1.8666666666666667,2707
68.01666666666667,-1.9333333333333333,2708
68.01666666666667,-4.916666666666667,2709
68.01666666666667,-6.866666666666667,2710
68.01666666666667,-6.95,2711
68.01666666666667,-7.9,2712
68.01666666666667,-1.0333333333333334,2713
68.01666666666667,-3.0166666666666666,2714
68.01666666666667,-4.066666666666666,2715
68.01666666666667,-5.0,2716
68.01666666666667,-5.133333333333333,2717
68.01666666666667,-9.066666666666666,2718
68.01666666666667,-10.15,2719
68.01666666666667,-1.2666666666666666,2720
68.01666666666667,-3.25,2721
68.01666666666667,-3.3166666666666664,2722
68.01666666666667,-5.233333333333333,2723
68.01666666666667,-7.216666666666667,2724
68.01666666666667,-7.25,2725
68.01666666666667,-9.2,2726
68.01666666666667,-1.3666666666666667,2727
68.01666666666667,-3.4833333333333334,2728
68.01666666666667,-5.35,2729
68.01666666666667,-5.433333333333334,2730
68.01666666666667,-5.466666666666667,2731
68.01666666666667,-7.45,2732
68.01666666666667,-9.366666666666667,2733
68.01666666666667,-9.433333333333334,2734
68.01666666666667,-1.5833333333333333,2735
68.01666666666667,-2.55,2736
68.01666666666667,-3.6166666666666667,2737
68.01666666666667,-6.533333333333333,2738
68.01666666666667,-7.55,2739
68.01666666666667,-10.583333333333334,2740
58.016666666666666,-50.3,2741
58.016666666666666,-56.166666666666664,2742
58.016666666666666,-57.18333333333333,2743
58.016666666666666,-58.2,2744
58.016666666666666,-59.21666666666667,2745
58.016666666666666,-54.38333333333333,2746
58.016666666666666,-51.583333333333336,2747
58.016666666666666,-55.666666666666664,2748
58.016666666666666,-59.766666666666666,2749
58.016666666666666,-55.85,2750
58.016666666666666,-58.833333333333336,2751
58.016666666666666,-58.93333333333333,2752
58.016666666666666,-52.13333333333333,2753
58.016666666666666,-58.1,2754
58.016666666666666,-57.266666666666666,2755
58.016666666666666,-51.35,2756
58.016666666666666,-56.43333333333333,2757
58.016666666666666,-55.6,2758
68.01666666666667,-50.28333333333333,2759
68.01666666666667,-57.166666666666664,2760
68.01666666666667,-58.18333333333333,2761
68.01666666666667,-59.2,2762
68.01666666666667,-54.36666666666667,2763
68.01666666666667,-51.56666666666667,2764
68.01666666666667,-59.75,2765
68.01666666666667,-52.85,2766
68.01666666666667,-55.833333333333336,2767
68.01666666666667,-58.916666666666664,2768
68.01666666666667,-55.1,2769
68.01666666666667,-58.083333333333336,2770
68.01666666666667,-57.25,2771
68.01666666666667,-51.333333333333336,2772
68.01666666666667,-56.416666666666664,2773
68.01666666666667,-55.583333333333336,2774
58.03333333333333,-13.416666666666666,2775
58.03333333333333,-14.516666666666667,2776
58.03333333333333,-15.633333333333333,2777
58.03333333333333,-15.816666666666666,2778
58.03333333333333,-18.7,2779
58.03333333333333,-15.25,2780
58.03333333333333,-16.35,2781
58.03333333333333,-17.4,2782
68.03333333333333,-13.4,2783
68.03333333333333,-14.5,2784
68.03333333333333,-15.616666666666667,2785
68.03333333333333,-15.8,2786
68.03333333333333,-18.683333333333334,2787
68.03333333333333,-14.316666666666666,2788
68.03333333333333,-15.233333333333334,2789
68.03333333333333,-16.333333333333332,2790
68.03333333333333,-17.383333333333333,2791
58.03333333333333,-80.25,2792
58.03333333333333,-84.2,2793
58.03333333333333,-86.25,2794
58.03333333333333,-88.3,2795
58.03333333333333,-82.4,2796
58.03333333333333,-85.43333333333334,2797
58.03333333333333,-88.46666666666667,2798
58.03333333333333,-82.6,2799
58.03333333333333,-86.61666666666666,2800
58.03333333333333,-87.53333333333333,2801
58.03333333333333,-80.66666666666667,2802
58.03333333333333,-81.71666666666667,2803
58.03333333333333,-81.85,2804
58.03333333333333,-82.95,2805
58.03333333333333,-88.93333333333334,2806
58.03333333333333,-89.86666666666666,2807
58.03333333333333,-81.03333333333333,2808
58.03333333333333,-86.1,2809
58.03333333333333,-84.18333333333334,2810
58.03333333333333,-85.21666666666667,2811
58.03333333333333,-87.25,2812
58.03333333333333,-83.43333333333334,2813
58.03333333333333,-89.58333333333333,2814
68.03333333333333,-80.23333333333333,2815
68.03333333333333,-84.18333333333334,2816
68.03333333333333,-86.23333333333333,2817
68.03333333333333,-88.28333333333333,2818
68.03333333333333,-82.38333333333334,2819
68.03333333333333,-85.41666666666667,2820
68.03333333333333,-88.45,2821
68.03333333333333,-82.58333333333333,2822
68.03333333333333,-86.6,2823
68.03333333333333,-87.51666666666667,2824
68.03333333333333,-81.7,2825
68.03333333333333,-81.83333333333333,2826
68.03333333333333,-82.93333333333334,2827
68.03333333333333,-88.91666666666667,2828
68.03333333333333,-89.85,2829
68.03333333333333,-81.01666666666667,2830
68.03333333333333,-86.08333333333333,2831
68.03333333333333,-84.16666666666667,2832
68.03333333333333,-85.2,2833
68.03333333333333,-87.23333333333333,2834
68.03333333333333,-83.41666666666667,2835
68.03333333333333,-89.56666666666666,2836
58.05,-63.18333333333333,2837
58.05,-65.23333333333333,2838
58.05,-67.28333333333333,2839
58.05,-61.4,2840
58.05,-64.43333333333334,2841
58.05,-66.35,2842
58.05,-67.46666666666667,2843
58.05,-60.53333333333333,2844
58.05,-63.61666666666667,2845
58.05,-67.63333333333334,2846
58.05,-69.55,2847
58.05,-65.66666666666667,2848
58.05,-61.96666666666667,2849
58.05,-64.85,2850
58.05,-64.9,2851
58.05,-62.13333333333333,2852
58.05,-66.01666666666667,2853
58.05,-69.1,2854
58.05,-64.28333333333333,2855
58.05,-66.18333333333334,2856
58.05,-64.4,2857
58.05,-65.43333333333334,2858
58.05,-65.51666666666667,2859
58.05,-67.53333333333333,2860
68.05,-62.31666666666667,2861
68.05,-63.166666666666664,2862
68.05,-65.21666666666667,2863
68.05,-67.26666666666667,2864
68.05,-69.31666666666666,2865
68.05,-61.38333333333333,2866
68.05,-64.41666666666667,2867
68.05,-66.33333333333333,2868
68.05,-67.45,2869
68.05,-60.516666666666666,2870
68.05,-63.6,2871
68.05,-67.61666666666666,2872
68.05,-69.53333333333333,2873
68.05,-61.95,2874
68.05,-64.83333333333333,2875
68.05,-64.88333333333334,2876
68.05,-67.93333333333334,2877
68.05,-66.0,2878
68.05,-69.08333333333333,2879
68.05,-64.26666666666667,2880
68.05,-66.16666666666667,2881
68.05,-62.483333333333334,2882
68.05,-64.38333333333334,2883
68.05,-65.41666666666667,2884
68.05,-70.48333333333333,2885
68.05,-65.5,2886
68.05,-67.51666666666667,2887
58.06666666666667,-50.25,2888
58.06666666666667,-59.166666666666664,2889
58.06666666666667,-54.333333333333336,2890
58.06666666666667,-51.53333333333333,2891
58.06666666666667,-59.71666666666667,2892
58.06666666666667,-58.88333333333333,2893
58.06666666666667,-52.083333333333336,2894
58.06666666666667,-55.06666666666667,2895
58.06666666666667,-58.05,2896
58.06666666666667,-57.21666666666667,2897
58.06666666666667,-57.31666666666667,2898
58.06666666666667,-60.3,2899
58.06666666666667,-56.38333333333333,2900
58.06666666666667,-55.55,2901
68.06666666666666,-50.233333333333334,2902
68.06666666666666,-50.483333333333334,2903
68.06666666666666,-51.516666666666666,2904
68.06666666666666,-59.7,2905
68.06666666666666,-58.86666666666667,2906
68.06666666666666,-52.06666666666667,2907
68.06666666666666,-55.05,2908
68.06666666666666,-58.03333333333333,2909
68.06666666666666,-54.31666666666667,2910
68.06666666666666,-57.2,2911
68.06666666666666,-57.3,2912
68.06666666666666,-60.28333333333333,2913
68.06666666666666,-56.36666666666667,2914
68.06666666666666,-55.53333333333333,2915
58.083333333333336,-50.233333333333334,2916
58.083333333333336,-50.483333333333334,2917
58.083333333333336,-51.516666666666666,2918
58.083333333333336,-59.7,2919
58.083333333333336,-58.86666666666667,2920
58.083333333333336,-52.06666666666667,2921
58.083333333333336,-55.05,2922
58.083333333333336,-58.03333333333333,2923
58.083333333333336,-54.31666666666667,2924
58.083333333333336,-57.2,2925
58.083333333333336,-57.3,2926
58.083333333333336,-60.28333333333333,2927
58.083333333333336,-56.36666666666667,2928
58.083333333333336,-55.53333333333333,2929
68.08333333333333,-50.21666666666667,2930
68.08333333333333,-50.46666666666667,2931
68.08333333333333,-51.483333333333334,2932
68.08333333333333,-51.5,2933
68.08333333333333,-59.68333333333333,2934
68.08333333333333,-58.85,2935
68.08333333333333,-52.05,2936
68.08333333333333,-55.03333333333333,2937
68.08333333333333,-58.016666666666666,2938
68.08333333333333,-51.31666666666667,2939
68.08333333333333,-54.3,2940
68.08333333333333,-57.18333333333333,2941
68.08333333333333,-57.28333333333333,2942
68.08333333333333,-60.266666666666666,2943
68.08333333333333,-56.35,2944
68.08333333333333,-55.516666666666666,2945
58.1,-62.28333333333333,2946
58.1,-65.18333333333334,2947
58.1,-67.23333333333333,2948
58.1,-69.28333333333333,2949
58.1,-61.35,2950
58.1,-64.38333333333334,2951
58.1,-67.41666666666667,2952
58.1,-63.56666666666667,2953
58.1,-67.58333333333333,2954
58.1,-69.5,2955
58.1,-60.983333333333334,2956
58.1,-61.916666666666664,2957
58.1,-64.85,2958
58.1,-62.083333333333336,2959
58.1,-69.05,2960
58.1,-64.23333333333333,2961
58.1,-62.45,2962
58.1,-64.35,2963
58.1,-65.38333333333334,2964
58.1,-70.45,2965
58.1,-64.63333333333334,2966
58.1,-69.65,2967
68.1,-62.266666666666666,2968
68.1,-65.16666666666667,2969
68.1,-67.21666666666667,2970
68.1,-69.26666666666667,2971
68.1,-61.333333333333336,2972
68.1,-64.36666666666666,2973
68.1,-67.4,2974
68.1,-63.55,2975
68.1,-63.65,2976
68.1,-67.56666666666666,2977
68.1,-68.81666666666666,2978
68.1,-60.96666666666667,2979
68.1,-61.9,2980
68.1,-64.83333333333333,2981
68.1,-67.88333333333334,2982
68.1,-62.06666666666667,2983
68.1,-69.03333333333333,2984
68.1,-64.21666666666667,2985
68.1,-66.31666666666666,2986
68.1,-62.43333333333333,2987
68.1,-62.483333333333334,2988
68.1,-64.33333333333333,2989
68.1,-65.36666666666666,2990
68.1,-70.43333333333334,2991
68.1,-64.61666666666666,2992
68.1,-69.63333333333334,2993
58.11666666666667,-80.16666666666667,2994
58.11666666666667,-83.28333333333333,2995
58.11666666666667,-86.16666666666667,2996
58.11666666666667,-88.21666666666667,2997
58.11666666666667,-85.35,2998
58.11666666666667,-88.38333333333334,2999
58.11666666666667,-80.6,3000
58.11666666666667,-82.51666666666667,3001
58.11666666666667,-86.53333333333333,3002
58.11666666666667,-87.65,3003
58.11666666666667,-86.78333333333333,3004
58.11666666666667,-82.86666666666666,3005
58.11666666666667,-82.93333333333334,3006
58.11666666666667,-88.85,3007
58.11666666666667,-85.15,3008
58.11666666666667,-86.01666666666667,3009
58.11666666666667,-83.3,3010
58.11666666666667,-87.16666666666667,3011
58.11666666666667,-90.26666666666667,3012
58.11666666666667,-83.35,3013
58.11666666666667,-85.43333333333334,3014
58.11666666666667,-82.6,3015
58.11666666666667,-82.65,3016
58.11666666666667,-89.5,3017
68.11666666666666,-83.26666666666667,3018
68.11666666666666,-88.2,3019
68.11666666666666,-85.33333333333333,3020
68.11666666666666,-88.36666666666666,3021
68.11666666666666,-80.58333333333333,3022
68.11666666666666,-82.5,3023
68.11666666666666,-86.51666666666667,3024
68.11666666666666,-87.63333333333334,3025
68.11666666666666,-86.76666666666667,3026
68.11666666666666,-82.85,3027
68.11666666666666,-82.91666666666667,3028
68.11666666666666,-88.83333333333333,3029
68.11666666666666,-85.13333333333334,3030
68.11666666666666,-86.0,3031
68.11666666666666,-83.28333333333333,3032
68.11666666666666,-90.25,3033
68.11666666666666,-83.33333333333333,3034
68.11666666666666,-85.41666666666667,3035
68.11666666666666,-82.58333333333333,3036
68.11666666666666,-82.63333333333334,3037
58.15,-11.25,3038
58.15,-15.516666666666667,3039
58.15,-15.7,3040
58.15,-14.216666666666667,3041
58.15,-14.616666666666667,3042
68.15,-11.233333333333333,3043
68.15,-10.65,3044
68.15,-15.5,3045
68.15,-15.683333333333334,3046
68.15,-16.983333333333334,3047
68.15,-12.15,3048
68.15,-14.2,3049
68.15,-14.6,3050
